{"faces":[43,0,61,62,3,0,0,1,2,3,0,0,0,0,43,4,63,59,65,0,4,2,1,5,0,0,0,0,42,67,6,7,0,11,6,7,1,2,3,42,54,55,64,0,8,9,10,1,1,1,42,67,7,54,0,11,7,8,1,3,1,42,54,64,67,0,8,10,11,1,1,1,43,6,7,10,11,0,12,13,14,15,2,3,4,5,43,6,12,13,7,0,6,16,17,7,2,6,6,3,43,66,58,10,7,0,18,19,20,21,7,7,4,3,43,15,11,10,14,0,22,23,24,25,8,5,4,8,42,57,10,11,0,29,24,23,9,4,5,42,11,5,60,0,23,26,27,5,9,9,42,16,57,11,0,28,29,23,9,9,5,42,11,60,16,0,23,27,28,5,9,9,43,2,9,56,1,0,30,31,32,33,10,11,11,12,43,18,56,9,19,0,34,35,36,37,0,11,11,0,43,9,8,17,56,0,31,38,39,32,11,13,13,11,43,20,17,8,21,0,40,41,42,43,0,13,13,0,43,10,17,8,7,0,20,39,38,21,4,13,13,3,43,22,23,24,25,0,44,45,46,47,14,14,14,14,43,26,27,28,29,0,48,49,50,51,15,15,15,15,43,30,31,32,33,0,52,53,54,55,15,15,15,15,43,34,35,36,37,0,56,57,58,59,14,14,14,14,43,38,39,40,41,0,60,61,62,63,14,14,14,14,43,42,43,44,45,0,64,65,66,67,14,14,14,14,43,46,47,48,49,0,68,69,70,71,14,14,14,14,43,50,51,52,53,0,72,73,74,75,14,14,14,14],"materials":[{"doubleSided":false,"colorSpecular":[0.5,0.5,0.5],"transparent":true,"colorDiffuse":[0.64,0.64,0.64],"visible":true,"specularCoef":50,"DbgName":"Material.017","wireframe":false,"colorEmissive":[0.64,0.64,0.64],"shading":"phong","depthTest":true,"DbgIndex":0,"opacity":0,"blending":"NormalBlending","depthWrite":true,"DbgColor":15658734}],"metadata":{"faces":27,"materials":1,"generator":"io_three","uvs":1,"vertices":68,"version":3,"normals":16,"type":"Geometry"},"uvs":[[0.33612,0.658705,0.33612,0.738966,0.000456715,0.738966,0.000456715,0.658705,0.000456715,0.997899,0.33612,0.997899,0.599804,0.439242,0.861632,0.439242,0.861632,0.514024,0.861632,0.588805,0.861632,0.666674,0.599804,0.666674,0.337061,0.667575,0.598888,0.667575,0.598891,0.999548,0.337061,0.999548,0.599804,0.000451665,0.762906,0.000451708,0.336132,0.657802,0.000465252,0.657801,0.000456715,0.227278,0.336141,0.227281,0.598891,0.000451665,0.598891,0.439245,0.337061,0.439245,0.435789,0.000451708,0.598891,0.666671,0.337063,0.666671,0.337063,0.588806,0.337063,0.514023,0.336133,0.000451665,0.336147,0.0781148,0.000461941,0.0781138,0.000470304,0.00045468,0.943703,0.332426,0.862545,0.332426,0.862545,0.000451665,0.943703,0.000451665,0.336133,0.152697,0.000470304,0.152698,0.943703,0.66528,0.862545,0.66528,0.862545,0.333329,0.943703,0.333329,0.766403,0.667586,0.766341,0.998476,0.711661,0.998476,0.711479,0.667578,0.599804,0.998486,0.599819,0.667585,0.654498,0.667578,0.654728,0.998486,0.999543,0.000459074,0.999484,0.331361,0.944802,0.331361,0.944617,0.000451665,0.999541,0.664081,0.999484,0.994983,0.944803,0.994983,0.944617,0.664074,0.710565,0.998479,0.655641,0.998479,0.655655,0.667578,0.710335,0.667582,0.944617,0.663171,0.944629,0.332264,0.99931,0.332273,0.999543,0.663171,0.767316,0.998476,0.76733,0.667585,0.82201,0.667578,0.82224,0.998476,0.917469,0.666191,0.917412,0.997093,0.86273,0.997093,0.862545,0.666184]],"vertices":[39.9206,15.0197,116.558,39.9206,11.4657,116.558,42.5824,11.4657,102.102,42.5824,15.0197,102.102,42.5824,-1.21715e-05,102.102,39.9206,-1.38948e-05,116.558,32.6781,-1.19541e-05,100.278,32.6781,11.4657,100.278,35.9347,11.4657,100.878,39.1914,11.4657,101.477,30.0164,11.4658,114.735,30.0164,-1.36775e-05,114.735,13.5694,-1.15347e-05,96.7598,13.5694,7.14239,96.7598,10.9077,7.14239,111.216,10.9077,-1.3258e-05,111.216,36.5296,11.4657,115.934,33.273,11.4657,115.334,36.5296,15.0197,115.934,39.1914,15.0197,101.477,33.273,15.0197,115.334,35.9347,15.0197,100.878,15.6299,8.27012,112.036,18.2804,8.27157,97.6257,15.9426,8.59719,97.1953,13.2816,8.59719,111.604,27.4561,10.9428,114.214,30.1066,10.9442,99.8032,27.7688,11.2698,99.3728,25.1078,11.2698,113.782,13.2647,7.73559,111.601,15.9152,7.73704,97.1902,13.5773,8.06267,96.7598,10.9163,8.06267,111.169,22.7256,9.87369,113.343,25.3762,9.87514,98.9322,23.0383,10.2008,98.5018,20.3773,10.2008,112.911,22.7426,10.7353,113.346,25.0909,10.4082,113.778,27.7415,10.4097,99.3672,25.4036,10.7353,98.9373,29.8214,11.4773,114.649,32.472,11.4787,100.238,30.134,11.8044,99.8083,27.473,11.8044,114.217,20.3604,9.33917,112.907,23.0109,9.34062,98.4967,20.6731,9.66624,98.0663,18.0121,9.66624,112.475,17.9951,8.80464,112.472,20.6457,8.80609,98.0612,18.3078,9.13172,97.6308,15.6468,9.13172,112.04,35.9347,11.4657,100.878,39.1914,11.4657,101.477,36.5296,11.4657,115.934,33.273,11.4657,115.334,10.9077,7.14239,111.216,39.9206,11.4657,116.558,39.9206,11.4657,116.558,39.9206,11.4657,116.558,42.5824,11.4657,102.102,42.5824,11.4657,102.102,42.5824,11.4657,102.102,39.9206,-1.38948e-05,116.558,13.5694,7.14239,96.7598,42.5824,-1.21715e-05,102.102],"normals":[0.983459,0,0.181066,0.181097,0,-0.983459,0.601764,0,-0.798639,0.391797,0.699515,-0.597583,0.153264,0.699515,0.697958,0.27784,0,0.960601,0.181066,0,-0.983459,-0.213599,0.976104,-0.0393078,-0.181097,0,0.983459,-0.181005,0,0.983459,0,1,0,0.439833,0.894406,0.0809656,0,0.999969,0,0.439772,0.894436,0.0809656,0.133457,0.990722,0.0246284,0.133427,0.990722,0.0246284]}