{"faces":[42,60,58,56,0,5,0,1,0,0,0,42,56,18,72,0,1,2,3,0,0,0,42,59,60,56,0,4,5,1,0,0,0,42,56,72,59,0,1,3,4,0,0,0,43,6,63,61,85,0,6,7,8,9,1,1,1,1,43,82,64,98,84,0,10,11,12,13,2,2,2,2,43,7,83,95,62,0,14,15,16,17,3,3,3,3,42,87,71,74,0,18,19,20,4,4,4,42,74,66,94,0,20,21,22,4,4,4,42,8,9,13,0,23,24,25,4,4,4,42,13,14,88,0,25,26,27,4,4,4,42,87,74,94,0,18,20,22,4,4,4,42,8,13,88,0,23,25,27,4,4,4,42,87,94,8,0,18,22,23,4,4,4,42,87,8,88,0,18,23,27,4,4,4,42,73,86,77,0,32,28,29,5,3,5,42,77,80,68,0,29,30,31,5,3,3,42,77,68,73,0,29,31,32,5,3,5,43,15,78,76,10,0,33,34,35,36,2,2,2,2,43,19,81,79,16,0,37,38,39,40,6,6,6,6,43,20,57,69,17,0,41,42,43,44,7,7,7,7,42,21,22,93,0,50,45,46,4,4,4,42,93,52,54,0,46,47,48,4,4,4,42,67,21,93,0,49,50,46,4,4,4,42,93,54,67,0,46,48,49,4,4,4,43,75,55,53,65,0,51,52,53,54,3,5,3,3,43,12,11,70,23,0,55,3,2,56,0,0,0,0,43,99,25,24,100,0,57,58,59,60,8,8,8,8,43,96,26,27,29,0,61,62,63,64,9,9,9,9,43,30,28,97,90,0,65,66,67,68,4,4,4,4,43,91,89,31,92,0,69,70,71,72,2,2,2,2,43,32,109,112,35,0,73,74,75,76,10,10,10,10,42,38,105,102,0,81,77,78,11,11,11,42,102,110,108,0,78,79,80,11,11,11,42,102,108,38,0,78,80,81,11,11,11,43,106,113,103,101,0,82,83,84,85,12,12,12,12,43,115,114,36,107,0,86,87,88,89,13,13,13,13,42,39,41,116,0,94,90,91,14,14,14,42,116,111,104,0,91,92,93,14,14,14,42,116,104,39,0,91,93,94,14,14,14,43,33,37,40,34,0,95,85,84,96,15,15,15,15,43,118,124,120,122,0,97,98,99,100,16,16,16,16,42,117,119,132,0,105,101,102,4,4,4,42,132,130,125,0,102,103,104,4,4,4,42,132,125,117,0,102,104,105,4,4,4,43,47,49,128,131,0,106,107,108,109,17,17,17,17,42,129,127,126,0,114,110,111,1,1,1,42,126,123,121,0,111,112,113,1,1,1,42,126,121,129,0,111,113,114,1,1,1,43,51,46,42,45,0,115,116,117,118,2,2,2,2,43,50,44,43,48,0,119,99,98,120,18,18,18,18,42,0,3,4,0,126,121,122,9,9,9,42,4,5,1,0,122,123,124,9,9,9,42,1,2,0,0,124,125,126,9,9,9,42,4,1,0,0,122,124,126,9,9,9],"materials":[{"doubleSided":false,"colorSpecular":[0.5,0.5,0.5],"transparent":false,"colorDiffuse":[0.64,0.64,0.64],"visible":true,"specularCoef":50,"DbgName":"Material.018","wireframe":false,"colorEmissive":[0.64,0.64,0.64],"shading":"phong","depthTest":true,"DbgIndex":0,"opacity":1,"blending":"NormalBlending","depthWrite":true,"DbgColor":15658734}],"metadata":{"faces":55,"materials":1,"generator":"io_three","uvs":1,"vertices":133,"version":3,"normals":19,"type":"Geometry"},"uvs":[[0.363519,0.935618,0.363519,0.883847,0.363519,0.880757,0.408307,0.880757,0.408307,0.883847,0.408307,0.935618,0.821952,0.000386348,0.910458,0.000386422,0.910458,0.583191,0.821952,0.583191,0.999655,0.000386348,0.999655,0.323111,0.911149,0.323111,0.911149,0.000386358,0.288856,0.583105,0.000345553,0.583104,0.000345388,0.000386348,0.288856,0.000387085,0.49868,0.769988,0.49868,0.661425,0.501443,0.661425,0.501443,0.39214,0.53814,0.39214,0.53814,0.974946,0.449634,0.974946,0.449634,0.76342,0.495917,0.76342,0.495917,0.769988,0.362829,0.986213,0.289547,0.986214,0.289547,0.877666,0.318041,0.877666,0.362829,0.877666,0.807379,0.837949,0.807379,0.755977,0.810142,0.755977,0.810142,0.837949,0.806688,0.755977,0.806688,0.864542,0.803925,0.864542,0.803925,0.755977,0.281514,0.853895,0.281514,0.885768,0.278751,0.885768,0.278751,0.853895,0.756953,0.755204,0.756953,0.48592,0.808761,0.48592,0.808761,0.755204,0.805998,0.755204,0.803235,0.755204,0.242598,0.583878,0.287385,0.583879,0.287385,0.853121,0.242596,0.853122,0.408307,0.877666,0.363519,0.877666,0.287385,0.905665,0.282205,0.905665,0.282205,0.853895,0.287385,0.853895,0.229298,0.934547,0.229298,0.865517,0.27558,0.865517,0.27558,0.934547,0.803235,0.755977,0.803235,0.852177,0.756953,0.852177,0.756953,0.755977,0.803235,0.85295,0.803235,0.92198,0.756953,0.92198,0.756953,0.85295,0.756262,0.876886,0.649125,0.876886,0.649125,0.48592,0.756262,0.48592,0.134768,0.864745,0.12147,0.724312,0.134768,0.583878,0.241905,0.583878,0.241905,0.864745,0.540606,0.000387085,0.540606,0.391365,0.415308,0.391367,0.41531,0.000389443,0.648434,0.876888,0.541297,0.876888,0.541297,0.48592,0.648434,0.48592,0.12078,0.583878,0.12078,0.864748,0.0136428,0.864748,0.000345388,0.724314,0.0136428,0.583878,0.289547,0.000386348,0.289547,0.391364,0.821261,0.000386348,0.821261,0.18113,0.701386,0.181131,0.701385,0.000386938,0.700694,0.000386348,0.700694,0.485148,0.593557,0.485147,0.541297,0.180136,0.593557,0.000386348,0.228607,0.865517,0.228607,0.999609,0.12147,0.999609,0.12147,0.865517,0.448944,0.39214,0.448944,0.876893,0.341807,0.876893,0.289547,0.697144,0.341807,0.39214,0.107482,0.865521,0.107482,0.999614,0.000345446,0.999613,0.000345388,0.86552,0.701385,0.485069,0.821261,0.485074,0.821952,0.583963,0.910458,0.583963,0.910458,0.906688,0.87376,0.906688,0.87376,0.95679,0.821952,0.95679]],